<?xml version="1.0"?>
<doc>
    <assembly>
        <name>Caliburn.Micro.Extensions</name>
    </assembly>
    <members>
        <member name="T:Caliburn.Micro.ContainerExtensions">
            <summary>
            Extension methods for the <see cref="T:Caliburn.Micro.SimpleContainer"/>.
            </summary>
        </member>
        <member name="M:Caliburn.Micro.ContainerExtensions.Singleton``1(Caliburn.Micro.SimpleContainer)">
            <summary>
            Registers a singleton.
            </summary>
            <typeparam name="TImplementation">The type of the implementation.</typeparam>
            <param name="container">The container.</param>
            <returns>The container.</returns>
        </member>
        <member name="M:Caliburn.Micro.ContainerExtensions.Singleton``2(Caliburn.Micro.SimpleContainer)">
            <summary>
            Registers a singleton.
            </summary>
            <typeparam name="TService">The type of the service.</typeparam>
            <typeparam name="TImplementation">The type of the implementation.</typeparam>
            <param name="container">The container.</param>
            <returns>The container.</returns>
        </member>
        <member name="M:Caliburn.Micro.ContainerExtensions.PerRequest``2(Caliburn.Micro.SimpleContainer)">
            <summary>
            Registers an service to be created on each request.
            </summary>
            <typeparam name="TService">The type of the service.</typeparam>
            <typeparam name="TImplementation">The type of the implementation.</typeparam>
            <param name="container">The container.</param>
            <returns>The container.</returns>
        </member>
        <member name="M:Caliburn.Micro.ContainerExtensions.PerRequest``1(Caliburn.Micro.SimpleContainer)">
            <summary>
            Registers an service to be created on each request.
            </summary>
            <typeparam name="TImplementation">The type of the implementation.</typeparam>
            <param name="container">The container.</param>
            <returns>The container.</returns>
        </member>
        <member name="M:Caliburn.Micro.ContainerExtensions.Instance``1(Caliburn.Micro.SimpleContainer,``0)">
            <summary>
            Registers an instance with the container.
            </summary>
            <typeparam name="TService">The type of the service.</typeparam>
            <param name="container">The container.</param>
            <param name="instance">The instance.</param>
            <returns>The container.</returns>
        </member>
        <member name="M:Caliburn.Micro.ContainerExtensions.Handler``1(Caliburn.Micro.SimpleContainer,System.Func{Caliburn.Micro.SimpleContainer,System.Object})">
            <summary>
            Registers a custom service handler with the container.
            </summary>
            <typeparam name="TService">The type of the service.</typeparam>
            <param name="container">The container.</param>
            <param name="handler">The handler.</param>
            <returns>The container.</returns>
        </member>
        <member name="M:Caliburn.Micro.ContainerExtensions.AllTypesOf``1(Caliburn.Micro.SimpleContainer,System.Reflection.Assembly,System.Func{System.Type,System.Boolean})">
            <summary>
            Registers all specified types in an assembly as singletong in the container.
            </summary>
            <typeparam name="TService">The type of the service.</typeparam>
            <param name="container">The container.</param>
            <param name="assembly">The assembly.</param>
            <param name="filter">The type filter.</param>
            <returns>The container.</returns>
        </member>
        <member name="T:Caliburn.Micro.SimpleContainer">
            <summary>
              A simple IoC container.
            </summary>
        </member>
        <member name="M:Caliburn.Micro.SimpleContainer.#ctor">
            <summary>
              Initializes a new instance of the <see cref="T:Caliburn.Micro.SimpleContainer"/> class.
            </summary>
        </member>
        <member name="M:Caliburn.Micro.SimpleContainer.RegisterInstance(System.Type,System.String,System.Object)">
            <summary>
              Registers the instance.
            </summary>
            <param name = "service">The service.</param>
            <param name = "key">The key.</param>
            <param name = "implementation">The implementation.</param>
        </member>
        <member name="M:Caliburn.Micro.SimpleContainer.RegisterPerRequest(System.Type,System.String,System.Type)">
            <summary>
              Registers the class so that a new instance is created on every request.
            </summary>
            <param name = "service">The service.</param>
            <param name = "key">The key.</param>
            <param name = "implementation">The implementation.</param>
        </member>
        <member name="M:Caliburn.Micro.SimpleContainer.RegisterSingleton(System.Type,System.String,System.Type)">
            <summary>
              Registers the class so that it is created once, on first request, and the same instance is returned to all requestors thereafter.
            </summary>
            <param name = "service">The service.</param>
            <param name = "key">The key.</param>
            <param name = "implementation">The implementation.</param>
        </member>
        <member name="M:Caliburn.Micro.SimpleContainer.RegisterHandler(System.Type,System.String,System.Func{Caliburn.Micro.SimpleContainer,System.Object})">
            <summary>
              Registers a custom handler for serving requests from the container.
            </summary>
            <param name = "service">The service.</param>
            <param name = "key">The key.</param>
            <param name = "handler">The handler.</param>
        </member>
        <member name="M:Caliburn.Micro.SimpleContainer.GetInstance(System.Type,System.String)">
            <summary>
              Requests an instance.
            </summary>
            <param name = "service">The service.</param>
            <param name = "key">The key.</param>
            <returns>The instance, or null if a handler is not found.</returns>
        </member>
        <member name="M:Caliburn.Micro.SimpleContainer.GetAllInstances(System.Type)">
            <summary>
              Requests all instances of a given type.
            </summary>
            <param name = "service">The service.</param>
            <returns>All the instances or an empty enumerable if none are found.</returns>
        </member>
        <member name="M:Caliburn.Micro.SimpleContainer.BuildUp(System.Object)">
            <summary>
              Pushes dependencies into an existing instance based on interface properties with setters.
            </summary>
            <param name = "instance">The instance.</param>
        </member>
        <member name="M:Caliburn.Micro.SimpleContainer.CreateChildContainer">
            <summary>
            Creates a child container.
            </summary>
            <returns>A new container.</returns>
        </member>
        <member name="M:Caliburn.Micro.SimpleContainer.BuildInstance(System.Type)">
            <summary>
              Actually does the work of creating the instance and satisfying it's constructor dependencies.
            </summary>
            <param name = "type">The type.</param>
            <returns></returns>
        </member>
        <member name="M:Caliburn.Micro.SimpleContainer.ActivateInstance(System.Type,System.Object[])">
            <summary>
              Creates an instance of the type with the specified constructor arguments.
            </summary>
            <param name = "type">The type.</param>
            <param name = "args">The constructor args.</param>
            <returns>The created instance.</returns>
        </member>
        <member name="E:Caliburn.Micro.SimpleContainer.Activated">
            <summary>
              Occurs when a new instance is created.
            </summary>
        </member>
    </members>
</doc>
